규칙,청산,진입,n,승률,PF,평균%,누적%,MDD,흑자월,무작위PF,무작위max,초과,점수
페이드20,1.0/2.0/144,시장가,1086,42.173112338858196,0.9444261503981866,-0.02987261643818687,-33.00618697848421,-41.03708065406393,4/13,0.8036184251531884,0.8228884875068929,0.12153766289129364,0.12153766289129364
페이드20,1.0/2.0/144,지정가,1052,41.73003802281369,0.9293905782315406,-0.0380321241906565,-37.70013885731207,-52.28364423464262,5/13,0.9009569678282313,0.9221989368975788,0.0071916413339617735,0.0071916413339617735
페이드20,1.0/3.0/288,시장가,711,32.77074542897328,0.8703469393730933,-0.0903691596339217,-51.42341866045385,-59.0482202516059,5/13,0.8505324520285766,0.8849548002205884,-0.014607860847495102,-0.014607860847495102
페이드20,1.0/3.0/288,지정가,688,34.01162790697674,0.958647914478752,-0.027453557694674287,-23.52392327015781,-48.42965618247681,6/13,0.9294869570559173,1.0021764565753324,-0.043528542096580414,-0.043528542096580414
페이드20,1.5/3.0/288,시장가,557,42.72890484739677,0.9793678421897571,-0.015945025519689012,-15.875665856389553,-43.68406541381824,5/13,0.8752540712665643,0.9555952069338677,0.023772635255889463,0.023772635255889463
페이드20,1.5/3.0/288,지정가,538,42.75092936802974,1.063872057638786,0.048520512104150176,19.1821778128614,-43.47859724303389,8/13,0.9581768284424124,0.9831345552801768,0.0807375023586091,0.0807375023586091
페이드20,1.5/4.5/576,시장가,352,33.23863636363637,0.8790792717901825,-0.11987105357568022,-39.60980469800162,-59.13495968111915,3/13,0.9186143334991046,0.9445262722646695,-0.06544700047448693,-0.06544700047448693
페이드20,1.5/4.5/576,지정가,336,38.98809523809524,1.1969638365344673,0.17748438457307109,65.88336878391759,-38.65617204535104,9/13,0.9443036337212988,1.1067943692126552,0.09016946732181208,0.09016946732181208
페이드20,2.0/4.0/576,시장가,313,45.04792332268371,1.1557304385632317,0.1620341198461763,50.619109272752596,-27.75882364989599,8/13,0.9595055318620179,1.029435886062327,0.1262945525009047,0.1262945525009047
페이드20,2.0/4.0/576,지정가,315,41.904761904761905,1.0350630807933408,0.038863559993849224,2.51417262774849,-48.929562821816134,8/13,0.8794496354924238,0.9866126030061347,0.048450477787206014,0.048450477787206014
페이드20+미국장,1.0/2.0/144,시장가,490,42.6530612244898,0.8835418755447428,-0.06430891294987291,-29.444363978202816,-38.21617518311241,7/13,0.8412254211721916,0.9169940357976655,-0.033452160252922636,-0.033452160252922636
페이드20+미국장,1.0/2.0/144,지정가,469,40.72494669509595,0.8263578006099017,-0.09919004808649315,-39.17366950359449,-41.09294813894743,3/13,0.8182315196866637,0.8774239372753065,-0.05106613666540483,-0.05106613666540483
페이드20+미국장,1.0/3.0/288,시장가,439,36.21867881548975,0.9743940588018705,-0.01655217792432254,-11.389635110056595,-24.971954372424186,7/13,0.8126285130840648,0.9074168628943322,0.06697719590753826,0.06697719590753826
페이드20+미국장,1.0/3.0/288,지정가,411,32.846715328467155,0.8603587305423336,-0.0941348459186985,-34.96140684655392,-40.92968169153437,4/13,0.7766853985303707,0.9627724928760427,-0.10241376233370914,-0.10241376233370914
페이드20+미국장,1.5/3.0/288,시장가,391,42.96675191815857,0.9395866702815358,-0.04618096359684179,-21.06490334776171,-34.223952611122876,4/13,0.8427371357640453,0.9138408066408378,0.025745863640697975,0.025745863640697975
페이드20+미국장,1.5/3.0/288,지정가,366,40.98360655737705,0.9073944314960198,-0.07290785104817474,-27.393501737653224,-36.49560359112102,5/13,0.8224575649782907,0.9427312856840843,-0.035336854188064426,-0.035336854188064426
페이드20+미국장,1.5/4.5/576,시장가,269,34.572490706319705,0.9678666784697406,-0.03161954933287336,-14.030303457238158,-29.731404967963172,5/13,0.8347611672176006,0.9860451227180295,-0.01817844424828885,-0.01817844424828885
페이드20+미국장,1.5/4.5/576,지정가,259,33.204633204633204,0.8650737841695008,-0.1332416820048813,-33.222847769454624,-39.01862062289519,5/13,0.8658478517324225,1.0288076855358093,-0.1637339013663085,-0.1637339013663085
페이드20+미국장,2.0/4.0/576,시장가,240,38.333333333333336,0.8269973468718659,-0.19614141886039635,-41.38218314867249,-51.70580470095736,4/13,0.9792522566931318,1.1889724908150512,-0.3619751439431853,-0.3619751439431853
페이드20+미국장,2.0/4.0/576,지정가,231,36.36363636363637,0.7687449549042877,-0.26554800524254824,-48.97593427222062,-50.13389914723789,3/13,0.9599557759412799,1.2971018828206722,-0.5283569279163844,-0.5283569279163844
페이드40,1.0/2.0/144,시장가,1005,42.48756218905473,0.9724821999353896,-0.014622670981641708,-19.571923621124398,-34.38039750264842,5/13,0.828925705548749,0.8615554831753397,0.11092671676004995,0.11092671676004995
페이드40,1.0/2.0/144,지정가,946,41.43763213530655,0.9494002708713651,-0.0272066681244282,-27.68178116610197,-39.58633495234387,5/13,0.8914544952217215,0.9160962533202607,0.03330401755110446,0.03330401755110446
페이드40,1.0/3.0/288,시장가,665,32.03007518796993,0.87836693184571,-0.08430636885805688,-47.03469942734615,-51.58962260663098,4/13,0.8480193537640371,0.9485880482830527,-0.07022111643734263,-0.07022111643734263
페이드40,1.0/3.0/288,지정가,646,34.05572755417957,0.9553710128397964,-0.02992166986891976,-23.466758380260078,-46.128173923347745,6/13,0.9250138275324021,0.9530346586658511,0.0023363541739452875,0.0023363541739452875
페이드40,1.5/3.0/288,시장가,538,41.2639405204461,0.9763623686584274,-0.018681248108657646,-16.84104408100293,-39.38843182203645,8/13,0.8938385235523238,0.9328653412401532,0.043497027418274214,0.043497027418274214
페이드40,1.5/3.0/288,지정가,515,41.359223300970875,0.9664416356983678,-0.026454110310441512,-19.46869907371522,-46.543855226804986,5/13,0.928203413074738,0.9686692719349946,-0.0022276362366268065,-0.0022276362366268065
페이드40,1.5/4.5/576,시장가,348,38.2183908045977,1.111764947987994,0.1057631308213468,31.961743899896035,-23.062072913118094,7/13,0.9373125646209267,0.9926436885265066,0.11912125946148744,0.11912125946148744
페이드40,1.5/4.5/576,지정가,349,38.108882521489974,1.1982474254585445,0.18584370489691812,73.28883219401891,-28.569271935753658,9/13,0.9746751316424532,1.085296101777018,0.1129513236815265,0.1129513236815265
페이드40,2.0/4.0/576,시장가,316,40.189873417721515,0.919879982765948,-0.09115959788420325,-31.580146151193635,-38.93995286700278,7/13,0.8709611344577372,0.8868952102077896,0.03298477255815835,0.03298477255815835
페이드40,2.0/4.0/576,지정가,304,39.14473684210527,0.8899659903981194,-0.12284812706955725,-36.7731405571321,-60.061684639292636,5/13,1.009653317715842,1.0951301095369586,-0.20516411913883914,-0.20516411913883914
페이드40+미국장,1.0/2.0/144,시장가,460,42.608695652173914,0.888669382193739,-0.06129664834139301,-26.92193387301249,-27.561843142486055,4/13,0.8313590253538817,0.8481339099666679,0.0405354722270711,0.0405354722270711
페이드40+미국장,1.0/2.0/144,지정가,425,40.470588235294116,0.8349842733243438,-0.09340759870783592,-34.6743367477566,-35.01209199064015,3/13,0.8546107612999606,0.9091935308225488,-0.07420925749820506,-0.07420925749820506
페이드40+미국장,1.0/3.0/288,시장가,402,36.56716417910448,1.0233805457007565,0.01503402042423496,1.5431411967108843,-30.937341741815917,5/13,0.9348826083161043,0.9781810770141554,0.045199468686601185,0.045199468686601185
페이드40+미국장,1.0/3.0/288,지정가,373,34.316353887399465,0.938050379859575,-0.04111283786058465,-17.65513694217271,-29.215177044107232,4/13,0.8818623952817312,0.9862215487424254,-0.048171168882850446,-0.048171168882850446
페이드40+미국장,1.5/3.0/288,시장가,357,42.857142857142854,1.0046040887078305,0.0034535093430769982,-3.889387643339548,-24.396416295783872,6/13,1.0188994558668103,1.1558621578113488,-0.15125806910351836,-0.15125806910351836
페이드40+미국장,1.5/3.0/288,지정가,327,43.730886850152906,1.051050319285338,0.03816799020951046,7.818632772120049,-21.9381533686148,6/13,0.9138496413026607,1.0124451433805872,0.038605175904750766,0.038605175904750766
페이드40+미국장,1.5/4.5/576,시장가,247,36.43724696356275,1.1290977615795323,0.12307809820824535,26.71297522163545,-14.56684623373501,6/13,0.995980157904775,1.1447468089149921,-0.015649047335459798,-0.015649047335459798
페이드40+미국장,1.5/4.5/576,지정가,237,35.44303797468354,0.981225612662419,-0.01798183129096685,-9.460162402699579,-21.852478464013323,5/13,0.98880749551462,1.1046630400241735,-0.12343742736175445,-0.12343742736175445
페이드40+미국장,2.0/4.0/576,시장가,224,41.07142857142857,0.9254122436874946,-0.0808949593044156,-21.411658182370484,-46.95560815423052,4/13,0.9649112984980803,1.2276612372463687,-0.302248993558874,-0.302248993558874
페이드40+미국장,2.0/4.0/576,지정가,215,40.0,0.8614279502407689,-0.14983694654837848,-31.381973280759844,-35.696778945508434,5/13,0.9734197937543754,1.1343650916225645,-0.2729371413817956,-0.2729371413817956
눌림목 EMA4h,1.0/2.0/144,시장가,964,37.136929460580916,0.8073898311073407,-0.10695020117752979,-66.53898109285706,-71.80747528399473,2/13,0.7912249018155201,0.8130934598532479,-0.00570362874590713,-0.00570362874590713
눌림목 EMA4h,1.0/2.0/144,지정가,907,39.470782800441015,0.9000494756907296,-0.05260653186323337,-41.57576589667761,-51.364422206416904,4/13,0.9028661782146535,0.9431151154539428,-0.043065639763213204,-0.043065639763213204
눌림목 EMA4h,1.0/3.0/288,시장가,640,34.0625,0.9246004040575763,-0.05081022041749805,-32.7676266683225,-50.763920424429664,5/13,0.8484243588741948,0.9167109523094356,0.007889451748140708,0.007889451748140708
눌림목 EMA4h,1.0/3.0/288,지정가,620,33.87096774193548,0.9733860878701699,-0.01760179977273951,-16.49922799973068,-38.0021118910657,9/13,0.9310389373936422,1.0043529131552194,-0.03096682528504946,-0.03096682528504946
눌림목 EMA4h,1.5/3.0/288,시장가,505,42.37623762376238,0.9690932340154762,-0.023549105389427664,-17.500887784925734,-39.70827599476643,5/13,0.8321788094770067,0.9580329519760133,0.011060282039462854,0.011060282039462854
눌림목 EMA4h,1.5/3.0/288,지정가,499,42.48496993987976,1.003689704748836,0.0027820531357536375,-5.866162842246247,-32.473519935751696,7/13,0.9288244851992822,0.9732564041561541,0.0304333005926819,0.0304333005926819
눌림목 EMA4h,1.5/4.5/576,시장가,335,34.92537313432836,0.9755595522589258,-0.023612365260878142,-14.966599464994657,-40.31853880678009,7/13,0.8942757675007454,1.0121581066467167,-0.036598554387790916,-0.036598554387790916
눌림목 EMA4h,1.5/4.5/576,지정가,333,35.43543543543544,1.0398386006855167,0.03793961866019542,4.211040515080344,-30.82385769876118,6/13,1.0222685862402185,1.1551501934722894,-0.11531159278677272,-0.11531159278677272
눌림목 EMA4h,2.0/4.0/576,시장가,290,43.44827586206896,1.1112878376895121,0.11490354211831215,27.95874646207408,-27.59165279418021,8/13,1.002407310936489,1.0463859899104289,0.06490184777908325,0.06490184777908325
눌림목 EMA4h,2.0/4.0/576,지정가,278,42.805755395683455,1.081870693298255,0.08449934372371931,16.548751001814722,-36.36800493799646,8/13,0.9068155829949339,0.9346443938789718,0.1472262994192831,0.1472262994192831
눌림목 EMA1d,1.0/2.0/144,시장가,981,38.226299694189606,0.8305572206442519,-0.09306229286735787,-62.40015504439549,-68.28284123470199,3/13,0.7845734041890692,0.8014600173824722,0.02909720326177967,0.02909720326177967
눌림목 EMA1d,1.0/2.0/144,지정가,924,38.85281385281385,0.8910330692767534,-0.057831518236116285,-44.89727640768353,-52.416005256471024,4/13,0.8799677116845869,0.9135904867185648,-0.02255741744181139,-0.02255741744181139
눌림목 EMA1d,1.0/3.0/288,시장가,638,35.10971786833856,0.9420386890683577,-0.03832454079683595,-27.05857227439168,-43.807735497298694,6/13,0.8190084810570241,0.9304009904640241,0.011637698604333613,0.011637698604333613
눌림목 EMA1d,1.0/3.0/288,지정가,630,33.65079365079365,0.964452660119447,-0.02343158987097781,-19.685425260142175,-40.071612166859246,7/13,0.941133005363939,0.9953592637748683,-0.030906603655421305,-0.030906603655421305
눌림목 EMA1d,1.5/3.0/288,시장가,499,45.69138276553106,1.0641293299246242,0.046227982782996876,17.144987454726433,-25.554326102042047,7/13,0.8334096875572753,0.9023973000661271,0.1617320298584971,0.1617320298584971
눌림목 EMA1d,1.5/3.0/288,지정가,489,44.376278118609406,1.0710221813149001,0.050717369992501954,19.372855971684857,-29.94953415515682,9/13,0.9020942045769441,0.9651297129611497,0.10589246835375044,0.10589246835375044
눌림목 EMA1d,1.5/4.5/576,시장가,340,33.82352941176471,0.9686590213375377,-0.03096787373371737,-17.437901887296004,-38.958316126157364,7/13,0.9438386118503542,1.012079399042563,-0.04342037770502527,-0.04342037770502527
눌림목 EMA1d,1.5/4.5/576,지정가,335,33.731343283582085,0.9908202002830078,-0.008906011924859972,-10.817024536586107,-39.77532483598664,7/13,1.0211939334644724,1.1158817308738544,-0.12506153059084668,-0.12506153059084668
눌림목 EMA1d,2.0/4.0/576,시장가,294,40.816326530612244,0.9831155828344469,-0.018322104692726403,-12.996685823459497,-31.858359117573308,7/13,0.9714401887908425,0.977209334207241,0.005906248627205901,0.005906248627205901
눌림목 EMA1d,2.0/4.0/576,지정가,285,42.10526315789473,1.0430258917581052,0.04568553087593072,4.7105387014199085,-34.83756311804481,8/13,0.8749782010631049,0.9118171506621551,0.13120874109595015,0.13120874109595015
눌림목 EMA4h&1d,1.0/2.0/144,시장가,269,40.14869888475837,0.7990970137998233,-0.10742958317478363,-26.341020871616582,-33.79966686922026,3/13,0.787590354188667,0.8067475211383436,-0.0076505073385202405,-0.0076505073385202405
눌림목 EMA4h&1d,1.0/2.0/144,지정가,253,41.10671936758894,0.8581745281108637,-0.07348483010261313,-18.268523508265865,-30.215053819338777,2/13,0.860480937032763,0.877726761568128,-0.019552233457264312,-0.019552233457264312
눌림목 EMA4h&1d,1.0/3.0/288,시장가,223,35.42600896860987,1.0023887773934237,0.0015360040926560424,-2.133428461557074,-21.2495107081747,7/13,0.9694234739104924,0.993099128995726,0.009289648397697636,0.009289648397697636
눌림목 EMA4h&1d,1.0/3.0/288,지정가,209,35.406698564593306,1.0747182348004147,0.04678968612387612,7.670147501976499,-16.071637878788646,6/13,0.9921048395578388,1.0197249485695785,0.054993286230836214,0.054993286230836214
눌림목 EMA4h&1d,1.5/3.0/288,시장가,195,42.05128205128205,0.9779048743385038,-0.016227987963024722,-5.717378115932103,-26.659160711967367,5/13,0.9386794835265411,0.9808545810631515,-0.0029497067246476716,-0.0029497067246476716
눌림목 EMA4h&1d,1.5/3.0/288,지정가,186,41.39784946236559,1.0608164648704035,0.043884131746579014,5.621303244055853,-22.430355500516985,7/13,0.9492049887401152,1.0142645253401217,0.046551939530281805,0.046551939530281805
눌림목 EMA4h&1d,1.5/4.5/576,시장가,152,38.15789473684211,1.077034474738962,0.06805256926864087,7.154038227921111,-19.695675036553297,4/13,0.905727117114778,0.9364489113280189,0.14058556341094308,0.14058556341094308
눌림목 EMA4h&1d,1.5/4.5/576,지정가,147,39.455782312925166,1.152992879866027,0.13024757086435865,17.096459216081804,-15.03656387186545,6/13,0.954441978092945,1.0937131394799193,0.059279740386107616,0.059279740386107616
눌림목 EMA4h&1d,2.0/4.0/576,시장가,138,46.3768115942029,1.1704099865823883,0.16005317113967205,20.200213938480772,-11.121146940777148,6/13,1.0463877508075876,1.267146928517504,-0.09673694193511584,-0.09673694193511584
눌림목 EMA4h&1d,2.0/4.0/576,지정가,134,46.26865671641791,1.190941693142403,0.1788328798273037,22.56492747589356,-12.844791531851762,7/13,1.091704699990166,1.2443069693681597,-0.0533652762257566,-0.0533652762257566
24h범위 하단반전,1.0/2.0/144,시장가,677,39.14327917282127,0.7883831584923813,-0.12454010702011305,-58.93672359735358,-60.054665792628704,2/13,0.842920851696736,0.868297033549543,-0.07991387505716174,-0.07991387505716174
24h범위 하단반전,1.0/2.0/144,지정가,601,39.10149750415973,0.7981228512755267,-0.11833283582570378,-52.898287768458765,-55.918347027580765,2/13,0.8845881595042648,0.9254383669112227,-0.12731551563569599,-0.12731551563569599
24h범위 하단반전,1.0/3.0/288,시장가,555,30.090090090090087,0.7507024317020706,-0.18273679083830688,-65.81081233773844,-66.42130357001273,2/13,0.8637119337049288,0.8933500940459507,-0.14264766234388004,-0.14264766234388004
24h범위 하단반전,1.0/3.0/288,지정가,516,30.23255813953488,0.7701648636102143,-0.16460362563876813,-59.4969184319309,-60.62869175992584,2/13,0.935438710326337,0.9952190276745946,-0.22505416406438028,-0.22505416406438028
24h범위 하단반전,1.5/3.0/288,시장가,436,38.53211009174312,0.81846738803966,-0.15403808837292743,-52.16380798741361,-54.352622269714026,3/13,0.93971967877357,1.0310253330591825,-0.21255794501952252,-0.21255794501952252
24h범위 하단반전,1.5/3.0/288,지정가,407,37.34643734643734,0.7566502316115536,-0.20966776918571667,-59.85209815233927,-60.98443995180985,3/13,0.9543119269642945,1.0194899426306807,-0.26283971101912706,-0.26283971101912706
24h범위 하단반전,1.5/4.5/576,시장가,314,33.75796178343949,0.8871641732698214,-0.11657741737673157,-35.75197748225156,-39.42777835755806,5/13,0.975215867055832,1.0239577992593918,-0.13679362598957034,-0.13679362598957034
24h범위 하단반전,1.5/4.5/576,지정가,302,33.11258278145696,0.8470742041331065,-0.15500238295887692,-41.496731079225256,-45.15838302897626,5/13,0.9804112509235757,1.092990881862876,-0.24591667772976944,-0.24591667772976944
24h범위 하단반전,2.0/4.0/576,시장가,273,38.46153846153847,0.8060352280112166,-0.23312570900844864,-50.981552157396614,-50.84788217644019,3/13,1.042128833869583,1.2510802188459613,-0.4450449908347447,-0.4450449908347447
24h범위 하단반전,2.0/4.0/576,지정가,259,37.45173745173745,0.7781965371510556,-0.2664367295037798,-53.24051387604547,-53.858584171072835,3/13,1.087862897197858,1.3382215744638675,-0.5600250373128118,-0.5600250373128118
24h범위 하단반전+미국장,1.0/2.0/144,시장가,274,33.941605839416056,0.6371141242269764,-0.2263998341130324,-47.172205831210626,-46.777234603818464,2/13,0.7640423849067521,0.7866570739494833,-0.1495429497225068,-0.1495429497225068
24h범위 하단반전+미국장,1.0/2.0/144,지정가,244,34.42622950819672,0.6493386055353777,-0.21600486233682975,-41.88919472738857,-41.26026002400487,2/13,0.8777382518174742,0.9155077795826813,-0.26616917404730356,-0.26616917404730356
24h범위 하단반전+미국장,1.0/3.0/288,시장가,267,31.835205992509362,0.7467881019176519,-0.1812747389264432,-40.00693328001148,-40.98407054953711,4/13,0.9030833943412165,0.9321856195020197,-0.18539751758436784,-0.18539751758436784
24h범위 하단반전+미국장,1.0/3.0/288,지정가,238,29.411764705882355,0.6607727241474347,-0.24526980818511684,-45.43814099356449,-44.84761662465767,2/13,0.9690588846283784,1.0812349128713221,-0.4204621887238874,-0.4204621887238874
24h범위 하단반전+미국장,1.5/3.0/288,시장가,228,39.473684210526315,0.7447112432831668,-0.2130389669002679,-40.33615807156068,-41.50465737339917,3/13,0.9449314692874432,0.9869057874415091,-0.2421945441583423,-0.2421945441583423
24h범위 하단반전+미국장,1.5/3.0/288,지정가,203,39.90147783251231,0.7612582854424153,-0.19311450542997838,-34.21611526684395,-36.20991148567797,3/13,0.9928866374492316,1.0960361163004901,-0.3347778308580749,-0.3347778308580749
24h범위 하단반전+미국장,1.5/4.5/576,시장가,183,38.25136612021858,0.9725609736459889,-0.02635471186496014,-8.734385462152849,-29.013264737540545,5/13,0.7699871827323918,0.8631717688855243,0.10938920476046465,0.10938920476046465
24h범위 하단반전+미국장,1.5/4.5/576,지정가,170,40.588235294117645,1.0182382526094542,0.016465279579755503,-0.9682927215961867,-20.560367514948354,6/13,0.8617918977228823,0.9892559396522829,0.028982312957171352,0.028982312957171352
24h범위 하단반전+미국장,2.0/4.0/576,시장가,167,43.11377245508982,0.9210493313544179,-0.08532183083835346,-17.079387618281327,-37.02094276207315,5/13,0.8203866587832959,0.9043912294645265,0.016658101889891364,0.016658101889891364
24h범위 하단반전+미국장,2.0/4.0/576,지정가,152,44.73684210526316,0.9853014357860287,-0.015505596185282812,-6.26781316620132,-23.716381172230893,4/13,0.891923976084351,1.1422464398930645,-0.15694500410703582,-0.15694500410703582
VWAP 2σ 복귀,1.0/2.0/144,시장가,931,38.34586466165413,0.7595215329384687,-0.13819621390256318,-74.0136353823569,-75.56365336602069,1/13,0.8099595102127894,0.838444924436216,-0.0789233914977473,-0.0789233914977473
VWAP 2σ 복귀,1.0/2.0/144,지정가,847,37.54427390791027,0.7770834374502106,-0.12672414342292926,-67.65070674250033,-69.03354657569724,2/13,0.8458657366915235,0.8849704061501421,-0.10788696869993153,-0.10788696869993153
VWAP 2σ 복귀,1.0/3.0/288,시장가,632,31.170886075949365,0.7910288553895736,-0.1490033196676974,-63.57365841725312,-67.50396250812426,2/13,0.8327085118928474,0.8781240995746532,-0.08709524418507963,-0.08709524418507963
VWAP 2σ 복귀,1.0/3.0/288,지정가,601,28.286189683860236,0.6755585779921994,-0.2372220258971485,-77.35360076891848,-79.06976683814828,1/13,0.9027619378281772,1.029764002098233,-0.3542054241060336,-0.3542054241060336
VWAP 2σ 복귀,1.5/3.0/288,시장가,512,39.453125,0.7945610799127755,-0.1735947217892697,-61.847404939983086,-67.13833288337217,3/13,0.8707118186974531,0.9565230240835519,-0.16196194417077647,-0.16196194417077647
VWAP 2σ 복귀,1.5/3.0/288,지정가,493,38.5395537525355,0.7593317943198086,-0.206355506913992,-66.3072696347762,-71.75374670661715,2/13,0.8274524783049926,0.9602484633979046,-0.20091666907809602,-0.20091666907809602
VWAP 2σ 복귀,1.5/4.5/576,시장가,335,33.731343283582085,0.8860610244584464,-0.11615199316527645,-37.39895571163287,-50.9967698882632,5/13,0.9046473548463237,0.9758318684420718,-0.08977084398362545,-0.08977084398362545
VWAP 2σ 복귀,1.5/4.5/576,지정가,314,37.57961783439491,1.0799754122609195,0.07481439247032573,16.920265951068238,-32.13529071487567,8/13,0.8444208050651785,0.9543852193025002,0.12559019295841933,0.12559019295841933
VWAP 2σ 복귀,2.0/4.0/576,시장가,297,40.74074074074074,0.9013921937971232,-0.11171037499090267,-33.978253708767035,-45.49545595985288,4/13,0.8540578686088843,0.9267461311679103,-0.02535393737078706,-0.02535393737078706
VWAP 2σ 복귀,2.0/4.0/576,지정가,284,43.309859154929576,1.0062918905821783,0.006829467594740338,-5.955764732293678,-36.851214642616505,8/13,0.8636511374813933,1.0186887095894253,-0.012396819007246984,-0.012396819007246984
흐름괴리,1.0/2.0/144,시장가,284,41.19718309859155,0.8286336895137174,-0.09129685052696829,-24.18922022712583,-29.286342048030978,5/13,0.8933645919536799,0.9111169279955399,-0.08248323848182249,-0.08248323848182249
흐름괴리,1.0/2.0/144,지정가,235,45.95744680851064,1.0179076416074204,0.009039452286559363,0.5501099199241466,-18.76364369036716,8/13,0.9050958505756409,0.9562541720848121,0.061653469522608306,0.061653469522608306
흐름괴리,1.0/3.0/288,시장가,241,31.535269709543567,0.7338872901352854,-0.18955824399770707,-38.205957327073435,-43.47921547633269,5/13,0.9295918961606017,0.9929804855179686,-0.25909319538268316,-0.25909319538268316
흐름괴리,1.0/3.0/288,지정가,207,35.748792270531396,0.9466772867754304,-0.03518988915278156,-9.133188535822455,-23.770041943538068,6/13,1.019647135117496,1.1933966724160532,-0.2467193856406228,-0.2467193856406228
흐름괴리,1.5/3.0/288,시장가,214,39.719626168224295,0.8177947408529302,-0.15173163954630864,-29.942042671568338,-37.62202648462395,4/13,0.9344614271746283,1.0609249101006597,-0.24313016924772946,-0.24313016924772946
흐름괴리,1.5/3.0/288,지정가,188,40.95744680851064,0.8638777995641261,-0.11455532907414795,-21.63969457440238,-31.74411368258153,6/13,1.0104184087709358,1.1785808916177432,-0.314703092053617,-0.314703092053617
흐름괴리,1.5/4.5/576,시장가,176,36.36363636363637,0.9992017237141491,-0.0007572848421959287,-4.248973214452789,-37.2680471780513,7/13,0.8728671230955546,0.9974530566825819,0.0017486670315671748,0.0017486670315671748
흐름괴리,1.5/4.5/576,지정가,159,33.33333333333333,1.0319354440172823,0.030650410452842152,0.8275395670910513,-32.79924106799748,7/13,0.9092277585176948,1.0726681856380054,-0.040732741620723045,-0.040732741620723045
흐름괴리,2.0/4.0/576,시장가,163,42.944785276073624,1.0296519982446832,0.031603630764720426,0.4202526255190797,-26.522983916413224,8/13,0.9493414508330105,1.037210544013564,-0.007558545768880709,-0.007558545768880709
흐름괴리,2.0/4.0/576,지정가,146,42.465753424657535,1.1578003403917525,0.16148082127680222,21.146458765336252,-19.09071446865123,8/13,0.9359686141448528,1.0200610811714546,0.13773925922029795,0.13773925922029795
일수축 돌파,1.0/2.0/144,시장가,136,38.970588235294116,0.9516940919708154,-0.02501681901703033,-4.245473267059197,-18.939160868973403,5/12,0.7604036037259959,0.8429875002438116,0.10870659172700381,0.10870659172700381
일수축 돌파,1.0/2.0/144,지정가,129,41.86046511627907,0.9799278718140226,-0.010209445807251945,-2.176764206062509,-15.630734793265045,5/12,0.762548151537419,0.8165930377780138,0.1633348340360088,0.1633348340360088
일수축 돌파,1.0/3.0/288,시장가,116,34.48275862068966,1.0850206553020243,0.05653206188348747,5.210998955185198,-18.794627160828405,5/12,0.7510800414699741,0.8226533510895037,0.26236730421252064,0.26236730421252064
일수축 돌파,1.0/3.0/288,지정가,111,33.33333333333333,1.091405170184655,0.05957836528578341,5.368436431243717,-13.208951978999295,6/12,0.7520340139472652,0.7824394743951196,0.30896569578953537,0.30896569578953537
일수축 돌파,1.5/3.0/288,시장가,104,42.30769230769231,1.138796933123325,0.09909246814932898,9.109931529078551,-12.049449842167093,5/12,0.8137134425742826,0.869726393358747,0.26907053976457795,0.26907053976457795
일수축 돌파,1.5/3.0/288,지정가,101,42.57425742574257,1.130972509170326,0.09373485150794984,8.264991218645878,-11.665781145515485,5/12,0.7456949570006253,0.772763722760517,0.358208786409809,0.358208786409809
일수축 돌파,1.5/4.5/576,시장가,88,43.18181818181818,1.331900552866541,0.291075786998628,26.08244532701123,-18.443398954158276,9/12,0.8870957524494855,1.0314304542242674,0.3004700986422737,0.3004700986422737
일수축 돌파,1.5/4.5/576,지정가,85,42.35294117647059,1.2910841692345485,0.2532616786515693,21.265047904576463,-13.163682685849832,8/12,0.711097423277646,0.7537082088510797,0.5373759603834688,0.5373759603834688
일수축 돌파,2.0/4.0/576,시장가,78,51.28205128205128,1.4585461865887115,0.4233282005174087,35.73783954423191,-8.239160047854643,10/12,0.864084424757038,1.0410745660229122,0.41747162056579934,0.41747162056579934
일수축 돌파,2.0/4.0/576,지정가,77,50.649350649350644,1.4294781072643092,0.39723866692694526,32.559271972270174,-7.920276134760396,9/12,0.7587352613827463,0.8515263501153919,0.5779517571489173,0.5779517571489173
일수축 돌파 페이드,1.0/2.0/144,시장가,129,39.53488372093023,0.755386475234878,-0.12978225363863172,-16.046829769263084,-19.853528403435703,2/12,0.8014408550453901,0.908868044884537,-0.15348156964965898,-0.15348156964965898
일수축 돌파 페이드,1.0/2.0/144,지정가,120,40.0,0.8374700030356403,-0.08620035395460901,-10.502658635011352,-18.45193409598981,3/12,0.8060072724753975,0.903757650246898,-0.06628764721125768,-0.06628764721125768
일수축 돌파 페이드,1.0/3.0/288,시장가,103,35.92233009708738,0.7936446663433873,-0.13751470197217883,-14.066296830867863,-21.006959399843183,5/12,0.77500824597329,0.9053910191455365,-0.11174635280214928,-0.11174635280214928
일수축 돌파 페이드,1.0/3.0/288,지정가,97,35.051546391752574,0.9058899807290164,-0.06238851692697525,-6.85318650809471,-16.415111143269257,7/12,0.7729393285915945,0.8845689932133759,0.021320987515640488,0.021320987515640488
일수축 돌파 페이드,1.5/3.0/288,시장가,96,41.66666666666667,0.7816107021400438,-0.1753753560604373,-16.56218862455723,-24.34090526673911,5/12,0.7697645059526631,0.8887934517961069,-0.10718274965606311,-0.10718274965606311
일수축 돌파 페이드,1.5/3.0/288,지정가,90,42.22222222222222,0.9575968730754715,-0.03318216194559424,-4.249088604813023,-14.841147331309157,7/12,0.749018477968583,0.8386046918789687,0.11899218119650279,0.11899218119650279
일수축 돌파 페이드,1.5/4.5/576,시장가,79,26.582278481012654,0.6691353916275713,-0.3680317873673662,-26.51190150832916,-34.5325957692479,3/12,0.8807949171303533,1.0981957305430203,-0.42906033891544904,-0.42906033891544904
일수축 돌파 페이드,1.5/4.5/576,지정가,75,28.000000000000004,0.8207827668928791,-0.189884539875667,-14.840275205405229,-26.51056136978742,3/12,0.75514678310353,0.8733813583368132,-0.052598591443934084,-0.052598591443934084
일수축 돌파 페이드,2.0/4.0/576,시장가,76,30.263157894736842,0.6180245751385572,-0.5084135945068525,-33.450132124332335,-36.99155444766467,2/12,0.8988314281463253,1.0894031021755481,-0.4713785270369909,-0.4713785270369909
일수축 돌파 페이드,2.0/4.0/576,지정가,73,30.136986301369863,0.6687439326355861,-0.42123017161061005,-27.91887772902917,-36.10912710442027,3/12,0.8138749104731047,0.9681369069947747,-0.29939297435918866,-0.29939297435918866
